[
  {
    "id": "1",
    "Title": "Mr",
    "Name": {
      "FirstName": "Orlando",
      "LastName": "Gee"
    },
    "DateOfBirth": "1964-10-23T00:00:00",
    "CurrentAddress": {
      "StreetNumber": "1025",
      "StreetName": "Some Street",
      "City": "Some City",
      "State": "WA",
      "ZipCode": "90000",
      "Location": {
        "type": "Point",
        "coordinates": [
          -122.3295,
          47.60357
        ]
      }
    },
    "AddressHistory": [
      {
        "StreetNumber": "999",
        "StreetName": "Another Street",
        "City": "Another City",
        "State": "WA",
        "ZipCode": "90000",
        "Location": {
          "type": "Point",
          "coordinates": [
            -122.3295,
            47.60357
          ]
        }
      },
      {
        "StreetNumber": "888",
        "StreetName": "Yet Another Street",
        "City": "Yet Another City",
        "State": "UT",
        "ZipCode": "80000",
        "Location": {
          "type": "Point",
          "coordinates": [
            -111.8882,
            40.76031
          ]
        }
      }
    ],
    "Friends": [
      {
        "Friend": "dbs/kulLAA==/colls/kulLANDN0QA=/docs/kulLANDN0QADAAAAAAAAAA==/"
      }
    ]
  },
  {
    "id": "2",
    "Title": "Mr",
    "Name": {
      "FirstName": "Brian",
      "LastName": "Johnson"
    },
    "DateOfBirth": "1968-05-05T00:00:00",
    "CurrentAddress": {
      "StreetNumber": "777",
      "StreetName": "A Street",
      "City": "A City",
      "State": "NY",
      "ZipCode": "60000",
      "Location": {
        "type": "Point",
        "coordinates": [
          -74.00597,
          40.71278
        ]
      }
    },
    "AddressHistory": [
      {
        "StreetNumber": "666",
        "StreetName": "A Further Street",
        "City": "A Further City",
        "State": "PA",
        "ZipCode": "50000",
        "Location": {
          "type": "Point",
          "coordinates": [
            -75.16522,
            39.95258
          ]
        }
      },
      {
        "StreetNumber": "555",
        "StreetName": "Another Further Street",
        "City": "Another Further City",
        "State": "WA",
        "ZipCode": "40000",
        "Location": {
          "type": "Point",
          "coordinates": [
            -122.3295,
            47.60357
          ]
        }
      }
    ],
    "Friends": [
      {
        "Friend": "dbs/kulLAA==/colls/kulLANDN0QA=/docs/kulLANDN0QABAAAAAAAAAA==/"
      }
    ]
  },
  {
    "id": "3",
    "Title": "Ms",
    "Name": {
      "FirstName": "Rosmarie",
      "LastName": "Carroll"
    },
    "DateOfBirth": "1974-01-06T00:00:00",
    "CurrentAddress": {
      "StreetNumber": "444",
      "StreetName": "The Street",
      "City": "The City",
      "State": "FL",
      "ZipCode": "30000",
      "Location": {
        "type": "Point",
        "coordinates": [
          -80.19773,
          25.77481
        ]
      }
    },
    "AddressHistory": null,
    "Friends": [
      {
        "Friend": "dbs/kulLAA==/colls/kulLANDN0QA=/docs/kulLANDN0QABAAAAAAAAAA==/"
      },
      {
        "Friend": "dbs/kulLAA==/colls/kulLANDN0QA=/docs/kulLANDN0QACAAAAAAAAAA==/"
      }
    ]
  }]