[{"category":"Bikes","partitionkey":"Mountain Bikes","doctype":"ProductCategoryData"},{"category":"Bikes","partitionkey":"Road Bikes","doctype":"ProductCategoryData"},{"category":"Bikes","partitionkey":"Touring Bikes","doctype":"ProductCategoryData"},{"category":"Components","partitionkey":"Handlebars","doctype":"ProductCategoryData"},{"category":"Components","partitionkey":"Bottom Brackets","doctype":"ProductCategoryData"},{"category":"Components","partitionkey":"Brakes","doctype":"ProductCategoryData"},{"category":"Components","partitionkey":"Chains","doctype":"ProductCategoryData"},{"category":"Components","partitionkey":"Cranksets","doctype":"ProductCategoryData"},{"category":"Components","partitionkey":"Derailleurs","doctype":"ProductCategoryData"},{"category":"Components","partitionkey":"Forks","doctype":"ProductCategoryData"},{"category":"Components","partitionkey":"Headsets","doctype":"ProductCategoryData"},{"category":"Components","partitionkey":"Mountain Frames","doctype":"ProductCategoryData"},{"category":"Components","partitionkey":"Pedals","doctype":"ProductCategoryData"},{"category":"Components","partitionkey":"Road Frames","doctype":"ProductCategoryData"},{"category":"Components","partitionkey":"Saddles","doctype":"ProductCategoryData"},{"category":"Components","partitionkey":"Touring Frames","doctype":"ProductCategoryData"},{"category":"Components","partitionkey":"Wheels","doctype":"ProductCategoryData"},{"category":"Clothing","partitionkey":"Bib-Shorts","doctype":"ProductCategoryData"},{"category":"Clothing","partitionkey":"Caps","doctype":"ProductCategoryData"},{"category":"Clothing","partitionkey":"Gloves","doctype":"ProductCategoryData"},{"category":"Clothing","partitionkey":"Jerseys","doctype":"ProductCategoryData"},{"category":"Clothing","partitionkey":"Shorts","doctype":"ProductCategoryData"},{"category":"Clothing","partitionkey":"Socks","doctype":"ProductCategoryData"},{"category":"Clothing","partitionkey":"Tights","doctype":"ProductCategoryData"},{"category":"Clothing","partitionkey":"Vests","doctype":"ProductCategoryData"},{"category":"Accessories","partitionkey":"Bike Racks","doctype":"ProductCategoryData"},{"category":"Accessories","partitionkey":"Bike Stands","doctype":"ProductCategoryData"},{"category":"Accessories","partitionkey":"Bottles and Cages","doctype":"ProductCategoryData"},{"category":"Accessories","partitionkey":"Cleaners","doctype":"ProductCategoryData"},{"category":"Accessories","partitionkey":"Fenders","doctype":"ProductCategoryData"},{"category":"Accessories","partitionkey":"Helmets","doctype":"ProductCategoryData"},{"category":"Accessories","partitionkey":"Hydration Packs","doctype":"ProductCategoryData"},{"category":"Accessories","partitionkey":"Lights","doctype":"ProductCategoryData"},{"category":"Accessories","partitionkey":"Locks","doctype":"ProductCategoryData"},{"category":"Accessories","partitionkey":"Panniers","doctype":"ProductCategoryData"},{"category":"Accessories","partitionkey":"Pumps","doctype":"ProductCategoryData"},{"category":"Accessories","partitionkey":"Tires and Tubes","doctype":"ProductCategoryData"},{"category":"Components","partitionkey":"Parts","doctype":"ProductCategoryData"}]
