﻿[
{"partitionkey":"1","doctype":"Customer","name":{"firstname":"Ken","middlename":"J","lastname":"Sánchez"},"discountrate":10},
{"partitionkey":"2","doctype":"Customer","name":{"firstname":"Terri","middlename":"Lee","lastname":"Duffy"},"discountrate":13},
{"partitionkey":"3","doctype":"Customer","name":{"firstname":"Roberto","lastname":"Tamburello"},"discountrate":18},
{"partitionkey":"4","doctype":"Customer","name":{"firstname":"Rob","lastname":"Walters"},"discountrate":16},
{"partitionkey":"5","doctype":"Customer","name":{"title":"Ms.","firstname":"Gail","middlename":"A","lastname":"Erickson"},"discountrate":6},
{"partitionkey":"6","doctype":"Customer","name":{"title":"Mr.","firstname":"Jossef","middlename":"H","lastname":"Goldberg"},"discountrate":14},
{"partitionkey":"7","doctype":"Customer","name":{"firstname":"Dylan","middlename":"A","lastname":"Miller"},"discountrate":1},
{"partitionkey":"8","doctype":"Customer","name":{"firstname":"Diane","middlename":"L","lastname":"Margheim"},"discountrate":7},
{"partitionkey":"9","doctype":"Customer","name":{"firstname":"Gigi","middlename":"N","lastname":"Matthew"},"discountrate":1},
{"partitionkey":"10","doctype":"Customer","name":{"firstname":"Michael","lastname":"Raheem"},"discountrate":10},
{"partitionkey":"11","doctype":"Customer","name":{"firstname":"Ovidiu","middlename":"V","lastname":"Cracium"},"discountrate":1},
{"partitionkey":"12","doctype":"Customer","name":{"firstname":"Thierry","middlename":"B","lastname":"D'Hers"},"discountrate":7},
{"partitionkey":"13","doctype":"Customer","name":{"title":"Ms.","firstname":"Janice","middlename":"M","lastname":"Galvin"},"discountrate":2},
{"partitionkey":"14","doctype":"Customer","name":{"firstname":"Michael","middlename":"I","lastname":"Sullivan"},"discountrate":6},
{"partitionkey":"15","doctype":"Customer","name":{"firstname":"Sharon","middlename":"B","lastname":"Salavaria"},"discountrate":3},
{"partitionkey":"16","doctype":"Customer","name":{"firstname":"David","middlename":"M","lastname":"Bradley"},"discountrate":8},
{"partitionkey":"17","doctype":"Customer","name":{"firstname":"Kevin","middlename":"F","lastname":"Brown"},"discountrate":17},
{"partitionkey":"18","doctype":"Customer","name":{"firstname":"John","middlename":"L","lastname":"Wood"},"discountrate":11},
{"partitionkey":"19","doctype":"Customer","name":{"firstname":"Mary","middlename":"A","lastname":"Dempsey"},"discountrate":1},
{"partitionkey":"20","doctype":"Customer","name":{"firstname":"Wanida","middlename":"M","lastname":"Benshoof"},"discountrate":15},
{"partitionkey":"21","doctype":"Customer","name":{"firstname":"Terry","middlename":"J","lastname":"Eminhizer"},"discountrate":3},
{"partitionkey":"22","doctype":"Customer","name":{"firstname":"Sariya","middlename":"E","lastname":"Harnpadoungsataya"},"discountrate":2},
{"partitionkey":"23","doctype":"Customer","name":{"firstname":"Mary","middlename":"E","lastname":"Gibson"},"discountrate":13},
{"partitionkey":"24","doctype":"Customer","name":{"title":"Ms.","firstname":"Jill","middlename":"A","lastname":"Williams"},"discountrate":7},
{"partitionkey":"25","doctype":"Customer","name":{"firstname":"James","middlename":"R","lastname":"Hamilton"},"discountrate":12},
{"partitionkey":"26","doctype":"Customer","name":{"firstname":"Peter","middlename":"J","lastname":"Krebs"},"discountrate":3},
{"partitionkey":"27","doctype":"Customer","name":{"firstname":"Jo","middlename":"A","lastname":"Brown"},"discountrate":2},
{"partitionkey":"28","doctype":"Customer","name":{"firstname":"Guy","middlename":"R","lastname":"Gilbert"},"discountrate":13},
{"partitionkey":"29","doctype":"Customer","name":{"firstname":"Mark","middlename":"K","lastname":"McArthur"},"discountrate":6},
{"partitionkey":"30","doctype":"Customer","name":{"firstname":"Britta","middlename":"L","lastname":"Simon"},"discountrate":1},
{"partitionkey":"31","doctype":"Customer","name":{"firstname":"Margie","middlename":"W","lastname":"Shoop"},"discountrate":17},
{"partitionkey":"32","doctype":"Customer","name":{"firstname":"Rebecca","middlename":"A","lastname":"Laszlo"},"discountrate":10},
{"partitionkey":"33","doctype":"Customer","name":{"firstname":"Annik","middlename":"O","lastname":"Stahl"},"discountrate":17},
{"partitionkey":"34","doctype":"Customer","name":{"firstname":"Suchitra","middlename":"O","lastname":"Mohan"},"discountrate":12},
{"partitionkey":"35","doctype":"Customer","name":{"firstname":"Brandon","middlename":"G","lastname":"Heidepriem"},"discountrate":4},
{"partitionkey":"36","doctype":"Customer","name":{"firstname":"Jose","middlename":"R","lastname":"Lugo"},"discountrate":18},
{"partitionkey":"37","doctype":"Customer","name":{"firstname":"Chris","middlename":"O","lastname":"Okelberry"},"discountrate":15},
{"partitionkey":"38","doctype":"Customer","name":{"firstname":"Kim","middlename":"B","lastname":"Abercrombie"},"discountrate":14},
{"partitionkey":"39","doctype":"Customer","name":{"firstname":"Ed","middlename":"R","lastname":"Dudenhoefer"},"discountrate":19},
{"partitionkey":"40","doctype":"Customer","name":{"firstname":"JoLynn","middlename":"M","lastname":"Dobney"},"discountrate":16},
{"partitionkey":"41","doctype":"Customer","name":{"firstname":"Bryan","lastname":"Baker"},"discountrate":10},
{"partitionkey":"42","doctype":"Customer","name":{"firstname":"James","middlename":"D","lastname":"Kramer"},"discountrate":17},
{"partitionkey":"43","doctype":"Customer","name":{"firstname":"Nancy","middlename":"A","lastname":"Anderson"},"discountrate":18},
{"partitionkey":"44","doctype":"Customer","name":{"firstname":"Simon","middlename":"D","lastname":"Rapier"},"discountrate":5},
{"partitionkey":"45","doctype":"Customer","name":{"firstname":"Thomas","middlename":"R","lastname":"Michaels"},"discountrate":1},
{"partitionkey":"46","doctype":"Customer","name":{"firstname":"Eugene","middlename":"O","lastname":"Kogan"},"discountrate":11},
{"partitionkey":"47","doctype":"Customer","name":{"firstname":"Andrew","middlename":"R","lastname":"Hill"},"discountrate":12},
{"partitionkey":"48","doctype":"Customer","name":{"firstname":"Ruth","middlename":"Ann","lastname":"Ellerbrock"},"discountrate":6},
{"partitionkey":"49","doctype":"Customer","name":{"firstname":"Barry","middlename":"K","lastname":"Johnson"},"discountrate":15},
{"partitionkey":"50","doctype":"Customer","name":{"firstname":"Sidney","middlename":"M","lastname":"Higa"},"discountrate":5},
{"partitionkey":"51","doctype":"Customer","name":{"firstname":"Jeffrey","middlename":"L","lastname":"Ford"},"discountrate":14},
{"partitionkey":"52","doctype":"Customer","name":{"firstname":"Doris","middlename":"M","lastname":"Hartwig"},"discountrate":14},
{"partitionkey":"53","doctype":"Customer","name":{"firstname":"Diane","middlename":"R","lastname":"Glimp"},"discountrate":9},
{"partitionkey":"54","doctype":"Customer","name":{"firstname":"Bonnie","middlename":"N","lastname":"Kearney"},"discountrate":3},
{"partitionkey":"55","doctype":"Customer","name":{"firstname":"Taylor","middlename":"R","lastname":"Maxwell"},"discountrate":0},
{"partitionkey":"56","doctype":"Customer","name":{"firstname":"Denise","middlename":"H","lastname":"Smith"},"discountrate":8},
{"partitionkey":"57","doctype":"Customer","name":{"firstname":"Frank","middlename":"T","lastname":"Miller"},"discountrate":10},
{"partitionkey":"58","doctype":"Customer","name":{"firstname":"Kendall","middlename":"C","lastname":"Keil"},"discountrate":13},
{"partitionkey":"59","doctype":"Customer","name":{"firstname":"Bob","middlename":"N","lastname":"Hohman"},"discountrate":10},
{"partitionkey":"60","doctype":"Customer","name":{"firstname":"Pete","middlename":"C","lastname":"Male"},"discountrate":2},
{"partitionkey":"61","doctype":"Customer","name":{"firstname":"Diane","middlename":"H","lastname":"Tibbott"},"discountrate":20},
{"partitionkey":"62","doctype":"Customer","name":{"firstname":"John","middlename":"T","lastname":"Campbell"},"discountrate":13},
{"partitionkey":"63","doctype":"Customer","name":{"firstname":"Maciej","middlename":"W","lastname":"Dusza"},"discountrate":20},
{"partitionkey":"64","doctype":"Customer","name":{"firstname":"Michael","middlename":"J","lastname":"Zwilling"},"discountrate":16},
{"partitionkey":"65","doctype":"Customer","name":{"firstname":"Randy","middlename":"T","lastname":"Reeves"},"discountrate":13},
{"partitionkey":"66","doctype":"Customer","name":{"firstname":"Karan","middlename":"R","lastname":"Khanna"},"discountrate":18},
{"partitionkey":"67","doctype":"Customer","name":{"firstname":"Jay","middlename":"G","lastname":"Adams"},"discountrate":9},
{"partitionkey":"68","doctype":"Customer","name":{"firstname":"Charles","middlename":"B","lastname":"Fitzgerald"},"discountrate":20},
{"partitionkey":"69","doctype":"Customer","name":{"firstname":"Steve","middlename":"F","lastname":"Masters"},"discountrate":16},
{"partitionkey":"70","doctype":"Customer","name":{"firstname":"David","middlename":"J","lastname":"Ortiz"},"discountrate":5},
{"partitionkey":"71","doctype":"Customer","name":{"firstname":"Michael","middlename":"Sean","lastname":"Ray"},"discountrate":15},
{"partitionkey":"72","doctype":"Customer","name":{"firstname":"Steven","middlename":"T","lastname":"Selikoff"},"discountrate":0},
{"partitionkey":"73","doctype":"Customer","name":{"firstname":"Carole","middlename":"M","lastname":"Poland"},"discountrate":10},
{"partitionkey":"74","doctype":"Customer","name":{"firstname":"Bjorn","middlename":"M","lastname":"Rettig"},"discountrate":10},
{"partitionkey":"75","doctype":"Customer","name":{"firstname":"Michiko","middlename":"F","lastname":"Osada"},"discountrate":12},
{"partitionkey":"76","doctype":"Customer","name":{"firstname":"Carol","middlename":"M","lastname":"Philips"},"discountrate":1},
{"partitionkey":"77","doctype":"Customer","name":{"firstname":"Merav","middlename":"A","lastname":"Netz"},"discountrate":4},
{"partitionkey":"78","doctype":"Customer","name":{"firstname":"Reuben","middlename":"H","lastname":"D'sa"},"discountrate":4},
{"partitionkey":"79","doctype":"Customer","name":{"firstname":"Eric","middlename":"L","lastname":"Brown"},"discountrate":15},
{"partitionkey":"80","doctype":"Customer","name":{"firstname":"Sandeep","middlename":"P","lastname":"Kaliyath"},"discountrate":16},
{"partitionkey":"81","doctype":"Customer","name":{"firstname":"Mihail","middlename":"U","lastname":"Frintu"},"discountrate":10},
{"partitionkey":"82","doctype":"Customer","name":{"firstname":"Jack","middlename":"T","lastname":"Creasey"},"discountrate":8},
{"partitionkey":"83","doctype":"Customer","name":{"firstname":"Patrick","middlename":"M","lastname":"Cook"},"discountrate":15},
{"partitionkey":"84","doctype":"Customer","name":{"firstname":"Frank","middlename":"R","lastname":"Martinez"},"discountrate":3},
{"partitionkey":"85","doctype":"Customer","name":{"firstname":"Brian","middlename":"Richard","lastname":"Goldstein"},"discountrate":17},
{"partitionkey":"86","doctype":"Customer","name":{"firstname":"Ryan","middlename":"L","lastname":"Cornelsen"},"discountrate":16},
{"partitionkey":"87","doctype":"Customer","name":{"firstname":"Cristian","middlename":"K","lastname":"Petculescu"},"discountrate":4},
{"partitionkey":"88","doctype":"Customer","name":{"firstname":"Betsy","middlename":"A","lastname":"Stadick"},"discountrate":2},
{"partitionkey":"89","doctype":"Customer","name":{"firstname":"Patrick","middlename":"C","lastname":"Wedge"},"discountrate":16},
{"partitionkey":"90","doctype":"Customer","name":{"firstname":"Danielle","middlename":"C","lastname":"Tiedt"},"discountrate":1},
{"partitionkey":"91","doctype":"Customer","name":{"firstname":"Kimberly","middlename":"B","lastname":"Zimmerman"},"discountrate":4},
{"partitionkey":"92","doctype":"Customer","name":{"firstname":"Tom","middlename":"M","lastname":"Vande Velde"},"discountrate":5},
{"partitionkey":"93","doctype":"Customer","name":{"firstname":"Kok-Ho","middlename":"T","lastname":"Loh"},"discountrate":2},
{"partitionkey":"94","doctype":"Customer","name":{"firstname":"Russell","lastname":"Hunter"},"discountrate":18},
{"partitionkey":"95","doctype":"Customer","name":{"firstname":"Jim","middlename":"H","lastname":"Scardelis"},"discountrate":4},
{"partitionkey":"96","doctype":"Customer","name":{"firstname":"Elizabeth","middlename":"I","lastname":"Keyser"},"discountrate":5},
{"partitionkey":"97","doctype":"Customer","name":{"firstname":"Mandar","middlename":"H","lastname":"Samant"},"discountrate":18},
{"partitionkey":"98","doctype":"Customer","name":{"firstname":"Sameer","middlename":"A","lastname":"Tejani"},"discountrate":13},
{"partitionkey":"99","doctype":"Customer","name":{"firstname":"Nuan","lastname":"Yu"},"discountrate":15},
{"partitionkey":"100","doctype":"Customer","name":{"firstname":"Lolan","middlename":"B","lastname":"Song"},"discountrate":15}
]
