[{"category":"Bikes","subcategory":"Mountain Bikes"},{"category":"Bikes","subcategory":"Road Bikes"},{"category":"Bikes","subcategory":"Touring Bikes"},{"category":"Components","subcategory":"Handlebars"},{"category":"Components","subcategory":"Bottom Brackets"},{"category":"Components","subcategory":"Brakes"},{"category":"Components","subcategory":"Chains"},{"category":"Components","subcategory":"Cranksets"},{"category":"Components","subcategory":"Derailleurs"},{"category":"Components","subcategory":"Forks"},{"category":"Components","subcategory":"Headsets"},{"category":"Components","subcategory":"Mountain Frames"},{"category":"Components","subcategory":"Pedals"},{"category":"Components","subcategory":"Road Frames"},{"category":"Components","subcategory":"Saddles"},{"category":"Components","subcategory":"Touring Frames"},{"category":"Components","subcategory":"Wheels"},{"category":"Clothing","subcategory":"Bib-Shorts"},{"category":"Clothing","subcategory":"Caps"},{"category":"Clothing","subcategory":"Gloves"},{"category":"Clothing","subcategory":"Jerseys"},{"category":"Clothing","subcategory":"Shorts"},{"category":"Clothing","subcategory":"Socks"},{"category":"Clothing","subcategory":"Tights"},{"category":"Clothing","subcategory":"Vests"},{"category":"Accessories","subcategory":"Bike Racks"},{"category":"Accessories","subcategory":"Bike Stands"},{"category":"Accessories","subcategory":"Bottles and Cages"},{"category":"Accessories","subcategory":"Cleaners"},{"category":"Accessories","subcategory":"Fenders"},{"category":"Accessories","subcategory":"Helmets"},{"category":"Accessories","subcategory":"Hydration Packs"},{"category":"Accessories","subcategory":"Lights"},{"category":"Accessories","subcategory":"Locks"},{"category":"Accessories","subcategory":"Panniers"},{"category":"Accessories","subcategory":"Pumps"},{"category":"Accessories","subcategory":"Tires and Tubes"},{"category":"Components","subcategory":"Parts"}]
