{"FirstName":"C4tyudqfkb2","LastName":"Pd4fwhuqc0k","Alias":"Bruiser","Offence":"Loitering with intent to use a pedestrian crossing"}
{"FirstName":"0Ouipbqdeb2","LastName":"Fqih3olih1g","Alias":"Snooty","Offence":"Having non-matching socks"}
{"FirstName":"Sxshnvcieya","LastName":"Cbcugerd22d","Alias":"Muscles","Offence":"Going equipped to whistle"}
{"FirstName":"Spkvflnssnb","LastName":"Tyzo3zy3v1y","Alias":"Smoothie","Offence":"Failing to provide a handkerchief"}
{"FirstName":"2D23rhcmpq1","LastName":"Quopkrfkggm","Alias":"Smoothie","Offence":"Laughing in a brutal manner"}
{"FirstName":"Cou5jzegmsu","LastName":"Lx5z2yscfgx","Alias":"Smasher","Offence":"Loitering with intent to use a pedestrian crossing"}
{"FirstName":"Ncvfoid1gst","LastName":"0Lnvq3youze","Alias":"Cuddles","Offence":"Shopping with malice aforethought"}
{"FirstName":"Bwaa5ix0cyx","LastName":"Ppr2noaghx4","Alias":"Smoothie","Offence":"Shopping with malice aforethought"}
{"FirstName":"Pitgvnv55c0","LastName":"1Obu0m0k4rl","Alias":"Mr Big","Offence":"Loitering with intent to use a pedestrian crossing"}
{"FirstName":"1Ghmohow3pi","LastName":"Izjxgyhstxn","Alias":"Scar-Face","Offence":"Shopping with malice aforethought"}
{"FirstName":"Inziqjxuest","LastName":"R3oagz5a2uo","Alias":"Toodles","Offence":"Skiing in a public place"}
{"FirstName":"O3acgluvejz","LastName":"R3ta425nrh4","Alias":"Smoothie","Offence":"Loitering with intent to use a pedestrian crossing"}
{"FirstName":"Lfobbekapsi","LastName":"Xqqpclzvqwf","Alias":"Wombat","Offence":"Going equipped to whistle"}
{"FirstName":"Callxmzsnwi","LastName":"Sn3dukpurpe","Alias":"Smoothie","Offence":"Skiing in a public place"}
{"FirstName":"H0xa3r3vzds","LastName":"Biv3vukyrpl","Alias":"Duchess","Offence":"Shopping with malice aforethought"}
{"FirstName":"Itzha30c4sp","LastName":"Puxcmpiw4eq","Alias":"Duchess","Offence":"Failing to provide a handkerchief"}
{"FirstName":"2Clborzijhw","LastName":"Grpkvdyo1xt","Alias":"Man Mountain","Offence":"Failing to provide a handkerchief"}
{"FirstName":"L4gqnrp4jqs","LastName":"3Jcnegvw33k","Alias":"Buster","Offence":"Laughing in a brutal manner"}
{"FirstName":"1Y45lypaxi3","LastName":"Wwcgl33v2d1","Alias":"Smoothie","Offence":"Diving without a wetsuit"}
{"FirstName":"0Thzsyn43tj","LastName":"Biwipcd5xfd","Alias":"Toodles","Offence":"Failing to provide a handkerchief"}
{"FirstName":"Euaqatza4ia","LastName":"Frj5f2fplev","Alias":"Smoothie","Offence":"Skiing in a public place"}
{"FirstName":"Odk3ljt002b","LastName":"Uarputktz2i","Alias":"Mr Big","Offence":"Shopping with malice aforethought"}
{"FirstName":"2Noyut1t21s","LastName":"Djkgpuimgbq","Alias":"Smoothie","Offence":"Eating furiously"}
{"FirstName":"Svvppszgvi1","LastName":"Bk44v0xlair","Alias":"Wombat","Offence":"Failing to provide a handkerchief"}
{"FirstName":"Yd3polhofom","LastName":"Scmvsotwyti","Alias":"The Guv'nor","Offence":"Failing to provide a handkerchief"}
{"FirstName":"Nmzofiubxle","LastName":"4Qqxrfmhsye","Alias":"Bruiser","Offence":"Skiing in a public place"}
{"FirstName":"Yyvhlowaibe","LastName":"1Ufxtx5yre1","Alias":"Knuckles","Offence":"Having non-matching socks"}
{"FirstName":"1Xwvbgpmmvd","LastName":"Nw2meqocfns","Alias":"Snooty","Offence":"Shopping with malice aforethought"}
{"FirstName":"P42n31ajerq","LastName":"Ei5eqdmcvri","Alias":"Pretty-Face","Offence":"Shopping with malice aforethought"}
{"FirstName":"Khdmcwuljys","LastName":"Gi5gql5pk0h","Alias":"Armchair","Offence":"Having an offensive haircut"}
{"FirstName":"Mxllyddfnvf","LastName":"5Mchbgb1rgm","Alias":"Nasty","Offence":"Eating furiously"}
{"FirstName":"2Hm5p2s34sd","LastName":"On1hwltlys0","Alias":"Duchess","Offence":"Eating furiously"}
{"FirstName":"Miwsu2jv1wv","LastName":"1Wz0gancrl3","Alias":"The Guv'nor","Offence":"Skiing in a public place"}
{"FirstName":"F5qq5pqgzud","LastName":"Kl1vvjt1dfq","Alias":"Mr Big","Offence":"Loitering with intent to use a pedestrian crossing"}
{"FirstName":"Fir41e4ogdd","LastName":"Rvhzyz4ijyt","Alias":"Knuckles","Offence":"Having an offensive haircut"}
{"FirstName":"Qk3y23nt2rk","LastName":"Tcawymv4oqd","Alias":"Armchair","Offence":"Going equipped to whistle"}
{"FirstName":"Pry4e35b5mz","LastName":"Fppaaqc21n5","Alias":"Buster","Offence":"Shopping with malice aforethought"}
{"FirstName":"Zmma51qydti","LastName":"Rexf2t22xqz","Alias":"Armchair","Offence":"Loitering with intent to use a pedestrian crossing"}
{"FirstName":"Cwx13draqi5","LastName":"Vsks0vvloe3","Alias":"Smoothie","Offence":"Eating furiously"}
{"FirstName":"Zzj2klsywgz","LastName":"Lxctubjhqxy","Alias":"The Guv'nor","Offence":"Having non-matching socks"}
{"FirstName":"05N4sv1vpkq","LastName":"Vstkqiyadhc","Alias":"Duchess","Offence":"Walking otherwise than in accordance with the license held"}
{"FirstName":"Wrc1dnr0swj","LastName":"Wlqy5msg01t","Alias":"Scar-Face","Offence":"Failing to provide a handkerchief"}
{"FirstName":"Ck2qzfc3tma","LastName":"Mlhapghbwbw","Alias":"Buster","Offence":"Skiing in a public place"}
{"FirstName":"4Hzjxep1mev","LastName":"Vrw0kamfs2o","Alias":"Duchess","Offence":"Loitering with intent to use a pedestrian crossing"}
{"FirstName":"4Bgue423xhz","LastName":"B03sneiu4mx","Alias":"Mr Big","Offence":"Failing to provide a handkerchief"}
{"FirstName":"Lakzredrsnz","LastName":"Cmlwtd4zlm2","Alias":"Duchess","Offence":"Eating furiously"}
{"FirstName":"P1do3vssdpm","LastName":"Qzk4p0rq5wy","Alias":"Smasher","Offence":"Walking otherwise than in accordance with the license held"}
{"FirstName":"Cmhmwlgjcsn","LastName":"S3natgwurpu","Alias":"Snake","Offence":"Shopping with malice aforethought"}
{"FirstName":"T4nb5gfvvle","LastName":"21Brbom2y1m","Alias":"Buster","Offence":"Eating furiously"}
{"FirstName":"Fxpzinhhrun","LastName":"Ymfjw3wmeuk","Alias":"Snooty","Offence":"Having non-matching socks"}
{"FirstName":"Ws1yaar0qox","LastName":"Cvrcy5whqzh","Alias":"Jaws","Offence":"Walking otherwise than in accordance with the license held"}
{"FirstName":"I3gw51dezcs","LastName":"Up1a0nvucsa","Alias":"Duchess","Offence":"Shopping with malice aforethought"}
{"FirstName":"Jevcpjss22i","LastName":"Nwcoieyxkcs","Alias":"Snooty","Offence":"Eating furiously"}
{"FirstName":"Gifyxxlkraz","LastName":"Qk54q3yt14d","Alias":"Duchess","Offence":"Going equipped to whistle"}
{"FirstName":"Eyubgoddfs2","LastName":"Vqzaeex1nqb","Alias":"Jaws","Offence":"Shopping with malice aforethought"}
{"FirstName":"Vegwvow4ry5","LastName":"I0kespg2tpj","Alias":"Jaws","Offence":"Walking otherwise than in accordance with the license held"}
{"FirstName":"A10qc0elrs4","LastName":"4Gcq0cnnq52","Alias":"Toodles","Offence":"Shopping with malice aforethought"}
{"FirstName":"Ditjk0dxkdq","LastName":"Ia2k4v5wumj","Alias":"Armchair","Offence":"Laughing in a brutal manner"}
{"FirstName":"Omgcibhbvs2","LastName":"4O1e2wvbi5a","Alias":"Cuddles","Offence":"Failing to provide a handkerchief"}
{"FirstName":"Eze0kslyb1d","LastName":"Owzl00w0vwv","Alias":"Cuddles","Offence":"Going equipped to whistle"}
{"FirstName":"Hi0jvxo0svx","LastName":"3Qlsjai43m1","Alias":"Buster","Offence":"Tying shoelaces without due care and attention"}
{"FirstName":"Zjh01azdbre","LastName":"Wmkztifmqgn","Alias":"Pretty-Face","Offence":"Wearing a loud shirt during the hours of darkness in a built-up area"}
{"FirstName":"P5pypgkx4ps","LastName":"Vwifwyjzpw2","Alias":"Jaws","Offence":"Eating furiously"}
{"FirstName":"Rek4y3nskxg","LastName":"Gwa0h5eh1pv","Alias":"Duchess","Offence":"Tying shoelaces without due care and attention"}
{"FirstName":"Ryfjdt3qc42","LastName":"11Pxqcuza0z","Alias":"Snake","Offence":"Diving without a wetsuit"}
{"FirstName":"Y5tnnpqdggs","LastName":"Mxs3sjh4drc","Alias":"Scar-Face","Offence":"Eating furiously"}
{"FirstName":"3Emrcvmsd2s","LastName":"Tffnt1d1hwq","Alias":"The Guv'nor","Offence":"Tying shoelaces without due care and attention"}
{"FirstName":"Apbsi4iganl","LastName":"Imunlw2qvys","Alias":"Jaws","Offence":"Having non-matching socks"}
{"FirstName":"W3cyp43xula","LastName":"3Bhka40l4ly","Alias":"Armchair","Offence":"Failing to provide a handkerchief"}
{"FirstName":"Fmtuv1cfob5","LastName":"Pajtjaitn5q","Alias":"Armchair","Offence":"Laughing in a brutal manner"}
{"FirstName":"K22jpmw3sg5","LastName":"Mstqbhtvyhw","Alias":"Buster","Offence":"Skiing in a public place"}
{"FirstName":"Gtolvepteyv","LastName":"Oh1kx2aqcop","Alias":"Muscles","Offence":"Having non-matching socks"}
{"FirstName":"Nbsj1i4sw33","LastName":"551Iw2bf2sm","Alias":"Scar-Face","Offence":"Having non-matching socks"}
{"FirstName":"Dqoj4cnltat","LastName":"0Yyuzzs1sau","Alias":"Bruiser","Offence":"Laughing in a brutal manner"}
{"FirstName":"Gxgedueegnq","LastName":"Wfj24talion","Alias":"Duchess","Offence":"Laughing in a brutal manner"}
{"FirstName":"Qy5hwuawx5r","LastName":"Reoqhgdqe4x","Alias":"Wombat","Offence":"Skiing in a public place"}
{"FirstName":"Zkuxhlk2kse","LastName":"Ie25cqcd2qz","Alias":"Buster","Offence":"Walking otherwise than in accordance with the license held"}
{"FirstName":"D4mkd4lace4","LastName":"Y2u543yxojz","Alias":"Nasty","Offence":"Tying shoelaces without due care and attention"}
{"FirstName":"Chqtxjhlr3u","LastName":"J4hub2fhjyw","Alias":"Wombat","Offence":"Laughing in a brutal manner"}
{"FirstName":"V0kbd1oipox","LastName":"S1hwfdfvws3","Alias":"Smoothie","Offence":"Wearing a loud shirt during the hours of darkness in a built-up area"}
{"FirstName":"Q3x1ii5ndvn","LastName":"Snso12gnad0","Alias":"Toodles","Offence":"Having non-matching socks"}
{"FirstName":"5U5xkuypezf","LastName":"Jsrpkzctizh","Alias":"Toodles","Offence":"Shopping with malice aforethought"}
{"FirstName":"3Zbnndc0gel","LastName":"Smdkl1k4szm","Alias":"Duchess","Offence":"Having non-matching socks"}
{"FirstName":"C0pa4ujpdar","LastName":"K13alnbru3f","Alias":"Armchair","Offence":"Going equipped to whistle"}
{"FirstName":"Dvytf2udkdc","LastName":"Ucb14ucloqp","Alias":"Smoothie","Offence":"Eating furiously"}
{"FirstName":"Io3deqe0s5n","LastName":"Yjs0elvybry","Alias":"Scar-Face","Offence":"Loitering with intent to use a pedestrian crossing"}
{"FirstName":"X0xen52i4iz","LastName":"05A22fgqoeq","Alias":"Snooty","Offence":"Tying shoelaces without due care and attention"}
{"FirstName":"Lfv0wg5duuj","LastName":"Kbmmzxpas5z","Alias":"The Guv'nor","Offence":"Wearing a loud shirt during the hours of darkness in a built-up area"}
{"FirstName":"Wkor1vhzd44","LastName":"Iis1dj5weaz","Alias":"Wombat","Offence":"Tying shoelaces without due care and attention"}
{"FirstName":"Op12vxhdwjp","LastName":"Mlbfz12uhzt","Alias":"Smasher","Offence":"Eating furiously"}
{"FirstName":"Hr10jmmkmkn","LastName":"M40q3l3fnel","Alias":"Scar-Face","Offence":"Loitering with intent to use a pedestrian crossing"}
{"FirstName":"Vac3ynxcofk","LastName":"Grzmmr2e114","Alias":"Mr Big","Offence":"Laughing in a brutal manner"}
{"FirstName":"Qafkxyghtt0","LastName":"Myg5r11jghl","Alias":"Jaws","Offence":"Wearing a loud shirt during the hours of darkness in a built-up area"}
{"FirstName":"X4eaov5rlqy","LastName":"E54fbbc453k","Alias":"Cuddles","Offence":"Having non-matching socks"}
{"FirstName":"M5bwik4mjld","LastName":"4Cz5ctdkza3","Alias":"Bruiser","Offence":"Tying shoelaces without due care and attention"}
{"FirstName":"Usbmn2mnxbg","LastName":"Qy0hut4pbnu","Alias":"Mr Big","Offence":"Going equipped to whistle"}
{"FirstName":"Ltwqfbrocc4","LastName":"45512Achitg","Alias":"Snake","Offence":"Having an offensive haircut"}
{"FirstName":"Tcssbnle2fe","LastName":"V3qi0ecfo1q","Alias":"Mr Big","Offence":"Having non-matching socks"}
{"FirstName":"Pgv3iwhx2ox","LastName":"Mn3p2cpgsa2","Alias":"Pretty-Face","Offence":"Loitering with intent to use a pedestrian crossing"}
{"FirstName":"P4zx011yu0e","LastName":"Uew4ipgeiu4","Alias":"Muscles","Offence":"Laughing in a brutal manner"}
