[
  {
    "label": "product",
    "id": "752",
    "name": [
      {
        "_value": "Road-150 Red, 52",
        "id": "df7c6e75-585d-4c90-bcb3-adf071ff4832"
      }
    ]
  },
  {
    "label": "product",
    "id": "968",
    "name": [
      {
        "_value": "Touring-1000 Blue, 54",
        "id": "b6c103a5-4a86-427b-83f5-6e5fa96bf860"
      }
    ]
  },
  {
    "label": "bought",
    "customerID": "12",
    "id": "035de8e5-4f3f-4ea7-8c4e-98aa4dbb8474",
    "_sink": "968",
    "_sinkLabel": "product",
    "_vertexId": "752",
    "_vertexLabel": "product",
    "_isEdge": true
  },
  {
    "label": "product",
    "id": "845",
    "name": [
      {
        "_value": "Mountain Pump",
        "id": "22c385eb-6e7f-4d66-8c66-44348ef794a7"
      }
    ]
  },
  {
    "label": "bought",
    "customerID": "12",
    "id": "b931bed6-de17-444f-b2b9-488e15c56b5f",
    "_sink": "845",
    "_sinkLabel": "product",
    "_vertexId": "752",
    "_vertexLabel": "product",
    "_isEdge": true
  },
  {
    "label": "product",
    "id": "846",
    "name": [
      {
        "_value": "Taillights - Battery-Powered",
        "id": "e694a89c-7c69-4753-be4e-1fd39d7103e8"
      }
    ]
  },
  {
    "label": "bought",
    "customerID": "12",
    "id": "5256c4e9-caff-4ca4-add6-d27c15a2533e",
    "_sink": "846",
    "_sinkLabel": "product",
    "_vertexId": "752",
    "_vertexLabel": "product",
    "_isEdge": true
  },
  {
    "label": "bought",
    "customerID": "12",
    "id": "217d9a74-affe-43ea-bc26-3678852a2482",
    "_sink": "752",
    "_sinkLabel": "product",
    "_vertexId": "968",
    "_vertexLabel": "product",
    "_isEdge": true
  },
  {
    "label": "bought",
    "customerID": "12",
    "id": "fe1feb78-dc78-4da5-9a26-fe795d269e21",
    "_sink": "845",
    "_sinkLabel": "product",
    "_vertexId": "968",
    "_vertexLabel": "product",
    "_isEdge": true
  },
  {
    "label": "bought",
    "customerID": "12",
    "id": "9bf8c9c4-b4f9-4daf-9358-2a310304739a",
    "_sink": "846",
    "_sinkLabel": "product",
    "_vertexId": "968",
    "_vertexLabel": "product",
    "_isEdge": true
  },
  {
    "label": "bought",
    "customerID": "12",
    "id": "f9b615a1-4f17-40a8-8b82-ab1d062e44b3",
    "_sink": "752",
    "_sinkLabel": "product",
    "_vertexId": "845",
    "_vertexLabel": "product",
    "_isEdge": true
  },
  {
    "label": "bought",
    "customerID": "12",
    "id": "d7ecb35f-c5d8-4de8-9b1c-fba1c1bbb278",
    "_sink": "968",
    "_sinkLabel": "product",
    "_vertexId": "845",
    "_vertexLabel": "product",
    "_isEdge": true
  },
  {
    "label": "bought",
    "customerID": "12",
    "id": "95b195b4-836e-488e-b309-c9448eb1b7e4",
    "_sink": "846",
    "_sinkLabel": "product",
    "_vertexId": "845",
    "_vertexLabel": "product",
    "_isEdge": true
  },
  {
    "label": "bought",
    "customerID": "12",
    "id": "40db6ad4-6ad9-4714-9150-251bfe6e8321",
    "_sink": "752",
    "_sinkLabel": "product",
    "_vertexId": "846",
    "_vertexLabel": "product",
    "_isEdge": true
  },
  {
    "label": "bought",
    "customerID": "12",
    "id": "ace8da16-070c-48a2-8047-669bfcd12cb0",
    "_sink": "968",
    "_sinkLabel": "product",
    "_vertexId": "846",
    "_vertexLabel": "product",
    "_isEdge": true
  },
  {
    "label": "bought",
    "customerID": "12",
    "id": "12672a0d-c606-41cf-b208-b94cbfd71cec",
    "_sink": "845",
    "_sinkLabel": "product",
    "_vertexId": "846",
    "_vertexLabel": "product",
    "_isEdge": true
  },
  {
    "label": "product",
    "id": "753",
    "name": [
      {
        "_value": "Road-150 Red, 56",
        "id": "223fc6b3-7db1-4fa1-bd36-57ca62f1a518"
      }
    ]
  },
  {
    "label": "product",
    "id": "795",
    "name": [
      {
        "_value": "Road-250 Black, 52",
        "id": "acb7d8a9-98dd-4a7f-acd2-a5052d0d11cd"
      }
    ]
  },
  {
    "label": "bought",
    "customerID": "10",
    "id": "aba71511-8219-41e7-bc5f-060d23d4f7f6",
    "_sink": "795",
    "_sinkLabel": "product",
    "_vertexId": "753",
    "_vertexLabel": "product",
    "_isEdge": true
  },
  {
    "label": "product",
    "id": "711",
    "name": [
      {
        "_value": "Sport-100 Helmet, Blue",
        "id": "10d2a549-9d61-4f29-84a7-bc5ca1303b11"
      }
    ]
  },
  {
    "label": "bought",
    "customerID": "10",
    "id": "e32169b0-7ed3-4872-998f-7358d85d3d83",
    "_sink": "711",
    "_sinkLabel": "product",
    "_vertexId": "753",
    "_vertexLabel": "product",
    "_isEdge": true
  },
  {
    "label": "bought",
    "customerID": "10",
    "id": "3e993350-9ca1-4ff2-a248-734c201a0907",
    "_sink": "753",
    "_sinkLabel": "product",
    "_vertexId": "795",
    "_vertexLabel": "product",
    "_isEdge": true
  },
  {
    "label": "bought",
    "customerID": "10",
    "id": "30fab7f8-8ce1-4923-aad2-7fcc4c8fabe2",
    "_sink": "711",
    "_sinkLabel": "product",
    "_vertexId": "795",
    "_vertexLabel": "product",
    "_isEdge": true
  },
  {
    "label": "bought",
    "customerID": "10",
    "id": "8ff28963-afaf-454f-a18e-c55167350fcd",
    "_sink": "753",
    "_sinkLabel": "product",
    "_vertexId": "711",
    "_vertexLabel": "product",
    "_isEdge": true
  },
  {
    "label": "bought",
    "customerID": "10",
    "id": "e30a3224-7aa0-4816-a281-4b55bd2eb818",
    "_sink": "795",
    "_sinkLabel": "product",
    "_vertexId": "711",
    "_vertexLabel": "product",
    "_isEdge": true
  },
  {
    "label": "product",
    "id": "980",
    "name": [
      {
        "_value": "Mountain-400-W Silver, 38",
        "id": "4ffb50a8-b79e-4a59-8211-171cdf21db54"
      }
    ]
  },
  {
    "label": "product",
    "id": "958",
    "name": [
      {
        "_value": "Touring-3000 Blue, 54",
        "id": "c57bc1a9-abe0-4267-8c98-daeb1622b31e"
      }
    ]
  },
  {
    "label": "bought",
    "customerID": "12",
    "id": "d5313a4e-1721-4afb-9088-00c20d2b082e",
    "_sink": "958",
    "_sinkLabel": "product",
    "_vertexId": "980",
    "_vertexLabel": "product",
    "_isEdge": true
  },
  {
    "label": "product",
    "id": "870",
    "name": [
      {
        "_value": "Water Bottle - 30 oz.",
        "id": "e02e0f5f-3c0a-40c8-bfeb-c059c50c3019"
      }
    ]
  },
  {
    "label": "bought",
    "customerID": "12",
    "id": "5601c212-7518-42fd-8ddf-3834d0b18ec2",
    "_sink": "870",
    "_sinkLabel": "product",
    "_vertexId": "980",
    "_vertexLabel": "product",
    "_isEdge": true
  },
  {
    "label": "product",
    "id": "871",
    "name": [
      {
        "_value": "Mountain Bottle Cage",
        "id": "b99e6df2-edbf-4b7a-8afb-4635cfa728b4"
      }
    ]
  },
  {
    "label": "bought",
    "customerID": "12",
    "id": "805ed12d-4e60-439f-8dce-eb80142f0065",
    "_sink": "871",
    "_sinkLabel": "product",
    "_vertexId": "980",
    "_vertexLabel": "product",
    "_isEdge": true
  },
  {
    "label": "bought",
    "customerID": "12",
    "id": "243c9099-1a6e-43ee-9563-85be50cd289d",
    "_sink": "980",
    "_sinkLabel": "product",
    "_vertexId": "958",
    "_vertexLabel": "product",
    "_isEdge": true
  },
  {
    "label": "bought",
    "customerID": "12",
    "id": "fabd7c6c-2d79-45cc-8ad0-571a9e4aad3b",
    "_sink": "870",
    "_sinkLabel": "product",
    "_vertexId": "958",
    "_vertexLabel": "product",
    "_isEdge": true
  },
  {
    "label": "bought",
    "customerID": "12",
    "id": "19c2a42d-2557-4337-bffe-70bbdb71fc05",
    "_sink": "871",
    "_sinkLabel": "product",
    "_vertexId": "958",
    "_vertexLabel": "product",
    "_isEdge": true
  },
  {
    "label": "bought",
    "customerID": "12",
    "id": "039fc0c3-87e5-40f6-b720-73e931b27c8b",
    "_sink": "980",
    "_sinkLabel": "product",
    "_vertexId": "870",
    "_vertexLabel": "product",
    "_isEdge": true
  },
  {
    "label": "bought",
    "customerID": "12",
    "id": "5159ae27-cdd0-47b7-a3f5-ae6b9f76092d",
    "_sink": "958",
    "_sinkLabel": "product",
    "_vertexId": "870",
    "_vertexLabel": "product",
    "_isEdge": true
  },
  {
    "label": "bought",
    "customerID": "12",
    "id": "02b6021d-11d3-48ce-af52-b8c76012aa62",
    "_sink": "871",
    "_sinkLabel": "product",
    "_vertexId": "870",
    "_vertexLabel": "product",
    "_isEdge": true
  },
  {
    "label": "bought",
    "customerID": "12",
    "id": "2155b9b8-bfcf-4474-a631-33f0e1ac8c45",
    "_sink": "980",
    "_sinkLabel": "product",
    "_vertexId": "871",
    "_vertexLabel": "product",
    "_isEdge": true
  },
  {
    "label": "bought",
    "customerID": "12",
    "id": "056e8799-a7f0-40da-98e6-5c03e860a3ac",
    "_sink": "958",
    "_sinkLabel": "product",
    "_vertexId": "871",
    "_vertexLabel": "product",
    "_isEdge": true
  },
  {
    "label": "bought",
    "customerID": "12",
    "id": "e8923bbc-fb64-4bb6-81b1-e29782692715",
    "_sink": "870",
    "_sinkLabel": "product",
    "_vertexId": "871",
    "_vertexLabel": "product",
    "_isEdge": true
  },
  {
    "label": "product",
    "id": "709",
    "name": [
      {
        "_value": "Mountain Bike Socks, M",
        "id": "0b26fc7d-da0f-4a26-9de8-15ca7bd8d89e"
      }
    ]
  },
  {
    "label": "product",
    "id": "858",
    "name": [
      {
        "_value": "Half-Finger Gloves, S",
        "id": "7c99fb36-36fa-4c74-91be-66fef5e2c221"
      }
    ]
  },
  {
    "label": "bought",
    "customerID": "20",
    "id": "f5aec92c-2de9-49c0-8afe-43cee05e68e0",
    "_sink": "858",
    "_sinkLabel": "product",
    "_vertexId": "709",
    "_vertexLabel": "product",
    "_isEdge": true
  },
  {
    "label": "product",
    "id": "864",
    "name": [
      {
        "_value": "Classic Vest, S",
        "id": "026b630b-f66f-46f1-aacf-1dbccdbfa63d"
      }
    ]
  },
  {
    "label": "bought",
    "customerID": "20",
    "id": "3fd6bee5-151e-4ab9-bf50-ac03d4212c03",
    "_sink": "864",
    "_sinkLabel": "product",
    "_vertexId": "709",
    "_vertexLabel": "product",
    "_isEdge": true
  },
  {
    "label": "bought",
    "customerID": "20",
    "id": "0989133c-fc85-415e-b4e6-917105cd66b4",
    "_sink": "709",
    "_sinkLabel": "product",
    "_vertexId": "858",
    "_vertexLabel": "product",
    "_isEdge": true
  },
  {
    "label": "bought",
    "customerID": "20",
    "id": "3ca53209-c342-467c-b528-1d6048e2c63c",
    "_sink": "864",
    "_sinkLabel": "product",
    "_vertexId": "858",
    "_vertexLabel": "product",
    "_isEdge": true
  },
  {
    "label": "bought",
    "customerID": "20",
    "id": "d01b1102-f58c-4e82-88bb-4916c0d3c3ec",
    "_sink": "709",
    "_sinkLabel": "product",
    "_vertexId": "864",
    "_vertexLabel": "product",
    "_isEdge": true
  },
  {
    "label": "bought",
    "customerID": "20",
    "id": "0d71cc83-29a9-4d8e-8c47-c3c21055a080",
    "_sink": "858",
    "_sinkLabel": "product",
    "_vertexId": "864",
    "_vertexLabel": "product",
    "_isEdge": true
  },
  {
    "label": "bought",
    "customerID": "12",
    "id": "d349bf28-4b36-4948-bbb3-8539ef7893bd",
    "_sink": "846",
    "_sinkLabel": "product",
    "_vertexId": "870",
    "_vertexLabel": "product",
    "_isEdge": true
  },
  {
    "label": "bought",
    "customerID": "12",
    "id": "42c3f75a-6e1d-468e-bf95-8137218a1366",
    "_sink": "870",
    "_sinkLabel": "product",
    "_vertexId": "846",
    "_vertexLabel": "product",
    "_isEdge": true
  },
  {
    "label": "bought",
    "customerID": "10",
    "id": "644af321-f227-4aad-a81b-7d5709096970",
    "_sink": "870",
    "_sinkLabel": "product",
    "_vertexId": "752",
    "_vertexLabel": "product",
    "_isEdge": true
  },
  {
    "label": "product",
    "id": "866",
    "name": [
      {
        "_value": "Classic Vest, L",
        "id": "ef2c541c-e632-4885-a3b3-7e3d271be9cc"
      }
    ]
  },
  {
    "label": "bought",
    "customerID": "10",
    "id": "b640951b-1b73-4d76-8935-f9caa5f63572",
    "_sink": "866",
    "_sinkLabel": "product",
    "_vertexId": "752",
    "_vertexLabel": "product",
    "_isEdge": true
  },
  {
    "label": "product",
    "id": "952",
    "name": [
      {
        "_value": "Chain",
        "id": "990ce3f2-0913-400f-9666-f9a0953dd814"
      }
    ]
  },
  {
    "label": "bought",
    "customerID": "10",
    "id": "c82e4b31-fd0e-464d-8f7d-bff7c41d18ed",
    "_sink": "952",
    "_sinkLabel": "product",
    "_vertexId": "752",
    "_vertexLabel": "product",
    "_isEdge": true
  },
  {
    "label": "bought",
    "customerID": "10",
    "id": "6cbaedf2-77df-465f-9dc4-b2ce12e81204",
    "_sink": "752",
    "_sinkLabel": "product",
    "_vertexId": "870",
    "_vertexLabel": "product",
    "_isEdge": true
  },
  {
    "label": "bought",
    "customerID": "10",
    "id": "9cd473f4-b63d-411a-99f6-5a2bb979ff74",
    "_sink": "866",
    "_sinkLabel": "product",
    "_vertexId": "870",
    "_vertexLabel": "product",
    "_isEdge": true
  },
  {
    "label": "bought",
    "customerID": "10",
    "id": "9b5a9dea-8e22-4ab2-bd1a-2d223c1039a5",
    "_sink": "952",
    "_sinkLabel": "product",
    "_vertexId": "870",
    "_vertexLabel": "product",
    "_isEdge": true
  },
  {
    "label": "bought",
    "customerID": "10",
    "id": "49bb73fe-a77f-456e-89fc-5c1bc768af01",
    "_sink": "752",
    "_sinkLabel": "product",
    "_vertexId": "866",
    "_vertexLabel": "product",
    "_isEdge": true
  },
  {
    "label": "bought",
    "customerID": "10",
    "id": "90083641-70e5-4182-9a00-5e298eef0f45",
    "_sink": "870",
    "_sinkLabel": "product",
    "_vertexId": "866",
    "_vertexLabel": "product",
    "_isEdge": true
  },
  {
    "label": "bought",
    "customerID": "10",
    "id": "3a7bbcb6-7ab5-43df-a7a7-e5f061d7ce4e",
    "_sink": "952",
    "_sinkLabel": "product",
    "_vertexId": "866",
    "_vertexLabel": "product",
    "_isEdge": true
  },
  {
    "label": "bought",
    "customerID": "10",
    "id": "5fab289c-28e9-45f3-ae2d-5aef260e16fe",
    "_sink": "752",
    "_sinkLabel": "product",
    "_vertexId": "952",
    "_vertexLabel": "product",
    "_isEdge": true
  },
  {
    "label": "bought",
    "customerID": "10",
    "id": "3089bee5-fb8a-4cb6-94c9-dc435a6f4f96",
    "_sink": "870",
    "_sinkLabel": "product",
    "_vertexId": "952",
    "_vertexLabel": "product",
    "_isEdge": true
  },
  {
    "label": "bought",
    "customerID": "10",
    "id": "8088cb4e-b74f-43e5-82e5-cf1a0c58105d",
    "_sink": "866",
    "_sinkLabel": "product",
    "_vertexId": "952",
    "_vertexLabel": "product",
    "_isEdge": true
  },
  {
    "label": "product",
    "id": "877",
    "name": [
      {
        "_value": "Bike Wash - Dissolver",
        "id": "f7e1380b-523c-4ce8-9db0-bef6601a84bf"
      }
    ]
  },
  {
    "label": "product",
    "id": "710",
    "name": [
      {
        "_value": "Mountain Bike Socks, L",
        "id": "3947b2bf-1781-41c3-8d87-225107f1fcff"
      }
    ]
  },
  {
    "label": "bought",
    "customerID": "10",
    "id": "e4b5147c-a44d-4e6e-83d8-f33e8cf3628b",
    "_sink": "710",
    "_sinkLabel": "product",
    "_vertexId": "877",
    "_vertexLabel": "product",
    "_isEdge": true
  },
  {
    "label": "bought",
    "customerID": "10",
    "id": "026622e1-b901-45a4-9201-e832c0f24979",
    "_sink": "877",
    "_sinkLabel": "product",
    "_vertexId": "710",
    "_vertexLabel": "product",
    "_isEdge": true
  },
  {
    "label": "bought",
    "customerID": "10",
    "id": "b167b11f-1cf7-4eee-85e6-909422e55582",
    "_sink": "710",
    "_sinkLabel": "product",
    "_vertexId": "845",
    "_vertexLabel": "product",
    "_isEdge": true
  },
  {
    "label": "bought",
    "customerID": "10",
    "id": "24d61c1f-3707-4374-876d-c3eed458b6ea",
    "_sink": "795",
    "_sinkLabel": "product",
    "_vertexId": "845",
    "_vertexLabel": "product",
    "_isEdge": true
  },
  {
    "label": "bought",
    "customerID": "10",
    "id": "c3a821ad-bb34-4200-a0ef-c071d80a94f1",
    "_sink": "858",
    "_sinkLabel": "product",
    "_vertexId": "845",
    "_vertexLabel": "product",
    "_isEdge": true
  },
  {
    "label": "bought",
    "customerID": "10",
    "id": "0aa56811-b5e6-4c95-95e1-832dd3285117",
    "_sink": "845",
    "_sinkLabel": "product",
    "_vertexId": "710",
    "_vertexLabel": "product",
    "_isEdge": true
  },
  {
    "label": "bought",
    "customerID": "10",
    "id": "03f19dce-724c-4685-b209-95746bada986",
    "_sink": "795",
    "_sinkLabel": "product",
    "_vertexId": "710",
    "_vertexLabel": "product",
    "_isEdge": true
  },
  {
    "label": "bought",
    "customerID": "10",
    "id": "7c28da92-cc15-4818-beef-c1bf57ec2f43",
    "_sink": "858",
    "_sinkLabel": "product",
    "_vertexId": "710",
    "_vertexLabel": "product",
    "_isEdge": true
  },
  {
    "label": "bought",
    "customerID": "10",
    "id": "b33b90a0-6ef4-408a-9575-0e20c7bce25a",
    "_sink": "845",
    "_sinkLabel": "product",
    "_vertexId": "795",
    "_vertexLabel": "product",
    "_isEdge": true
  },
  {
    "label": "bought",
    "customerID": "10",
    "id": "ef92d9b8-7559-4ddd-8ef9-6468e181af94",
    "_sink": "710",
    "_sinkLabel": "product",
    "_vertexId": "795",
    "_vertexLabel": "product",
    "_isEdge": true
  },
  {
    "label": "bought",
    "customerID": "10",
    "id": "406375b4-b175-4340-a68a-964e63966508",
    "_sink": "858",
    "_sinkLabel": "product",
    "_vertexId": "795",
    "_vertexLabel": "product",
    "_isEdge": true
  },
  {
    "label": "bought",
    "customerID": "10",
    "id": "9ce8c70a-0f28-45c1-93b8-039d6dfb69a4",
    "_sink": "845",
    "_sinkLabel": "product",
    "_vertexId": "858",
    "_vertexLabel": "product",
    "_isEdge": true
  },
  {
    "label": "bought",
    "customerID": "10",
    "id": "011ed6d7-dbe0-4257-ba0c-4700230cf3aa",
    "_sink": "710",
    "_sinkLabel": "product",
    "_vertexId": "858",
    "_vertexLabel": "product",
    "_isEdge": true
  },
  {
    "label": "bought",
    "customerID": "10",
    "id": "51d3f89d-e174-428b-aaa5-ff65239e734b",
    "_sink": "795",
    "_sinkLabel": "product",
    "_vertexId": "858",
    "_vertexLabel": "product",
    "_isEdge": true
  },
  {
    "label": "bought",
    "customerID": "5",
    "id": "7c7f20e0-2f01-4515-bdde-621ce3d8c02c",
    "_sink": "846",
    "_sinkLabel": "product",
    "_vertexId": "845",
    "_vertexLabel": "product",
    "_isEdge": true
  },
  {
    "label": "bought",
    "customerID": "5",
    "id": "372d70d4-4b24-4899-b296-31fe490fa6f1",
    "_sink": "845",
    "_sinkLabel": "product",
    "_vertexId": "846",
    "_vertexLabel": "product",
    "_isEdge": true
  },
  {
    "label": "bought",
    "customerID": "7",
    "id": "6aa8bb29-d730-4d98-b7be-2ffb87f56898",
    "_sink": "958",
    "_sinkLabel": "product",
    "_vertexId": "877",
    "_vertexLabel": "product",
    "_isEdge": true
  },
  {
    "label": "bought",
    "customerID": "7",
    "id": "21101345-aca8-4efa-b5bb-26eba2103786",
    "_sink": "864",
    "_sinkLabel": "product",
    "_vertexId": "877",
    "_vertexLabel": "product",
    "_isEdge": true
  },
  {
    "label": "bought",
    "customerID": "7",
    "id": "428a784a-4e9b-4115-b142-48bd4d517e2b",
    "_sink": "877",
    "_sinkLabel": "product",
    "_vertexId": "958",
    "_vertexLabel": "product",
    "_isEdge": true
  },
  {
    "label": "bought",
    "customerID": "7",
    "id": "68bda03f-de12-449b-b2d5-9f26870b178c",
    "_sink": "864",
    "_sinkLabel": "product",
    "_vertexId": "958",
    "_vertexLabel": "product",
    "_isEdge": true
  },
  {
    "label": "bought",
    "customerID": "7",
    "id": "01b6bbeb-e108-41d6-bf31-07fe077aba68",
    "_sink": "877",
    "_sinkLabel": "product",
    "_vertexId": "864",
    "_vertexLabel": "product",
    "_isEdge": true
  },
  {
    "label": "bought",
    "customerID": "7",
    "id": "90357133-0304-4998-b213-ba79773c7c56",
    "_sink": "958",
    "_sinkLabel": "product",
    "_vertexId": "864",
    "_vertexLabel": "product",
    "_isEdge": true
  },
  {
    "label": "product",
    "id": "883",
    "name": [
      {
        "_value": "Short-Sleeve Classic Jersey, L",
        "id": "5d4f0872-3d92-46a2-85b2-7dd520867bd8"
      }
    ]
  },
  {
    "label": "bought",
    "customerID": "7",
    "id": "d73acb6b-f822-4b5a-8ed7-66552c252884",
    "_sink": "883",
    "_sinkLabel": "product",
    "_vertexId": "845",
    "_vertexLabel": "product",
    "_isEdge": true
  },
  {
    "label": "product",
    "id": "805",
    "name": [
      {
        "_value": "LL Headset",
        "id": "92f70d77-a2dd-4c11-96dc-4c127b428b5e"
      }
    ]
  },
  {
    "label": "bought",
    "customerID": "7",
    "id": "66b3789a-82b0-4b27-89e6-bd1057328e3b",
    "_sink": "805",
    "_sinkLabel": "product",
    "_vertexId": "845",
    "_vertexLabel": "product",
    "_isEdge": true
  },
  {
    "label": "bought",
    "customerID": "7",
    "id": "a99ef344-aee4-4c5e-9788-19da07356073",
    "_sink": "845",
    "_sinkLabel": "product",
    "_vertexId": "883",
    "_vertexLabel": "product",
    "_isEdge": true
  },
  {
    "label": "bought",
    "customerID": "7",
    "id": "4c3b87c9-dc91-4bf8-9e3c-87c7d92a35f7",
    "_sink": "805",
    "_sinkLabel": "product",
    "_vertexId": "883",
    "_vertexLabel": "product",
    "_isEdge": true
  },
  {
    "label": "bought",
    "customerID": "7",
    "id": "c04e441f-6400-4c56-bfa8-077223f923c6",
    "_sink": "845",
    "_sinkLabel": "product",
    "_vertexId": "805",
    "_vertexLabel": "product",
    "_isEdge": true
  },
  {
    "label": "bought",
    "customerID": "7",
    "id": "614823c4-f900-441d-9f13-4fabc97bf653",
    "_sink": "883",
    "_sinkLabel": "product",
    "_vertexId": "805",
    "_vertexLabel": "product",
    "_isEdge": true
  }]